"","MSSE","lower","upper","piWidth"
"100",335.647493503969,-339.116179791246,1010.41116679918,1349.52734659043
"250",318.11393513588,-356.681381833776,992.909252105535,1349.59063393931
"500",326.326375701126,-348.339797601845,1000.9925490041,1349.33234660594
"750",325.87400538401,-348.910050513299,1000.65806128132,1349.56811179462
"1000",324.327501107818,-350.409197140052,999.064199355689,1349.47339649574
