"","MSSE","lower","upper","piWidth"
"5",485.65638956272,-157.253574193679,1128.56635331912,1285.8199275128
"10",480.391783250115,-157.040599859056,1117.82416635929,1274.86476621834
"15",477.903073564901,-159.163363303767,1114.96951043357,1274.13287373733
"20",476.963119403167,-157.773324515458,1111.69956332179,1269.47288783725
"25",477.656606918606,-157.610905585271,1112.92411942248,1270.53502500775
