"","MSSE","lower","upper","piWidth"
"5",460.041353718642,-213.949631613547,1134.03233905083,1347.98197066438
"10",454.269246879075,-219.333030771018,1127.87152452917,1347.20455530019
"15",448.182949054851,-225.09193636849,1121.45783447819,1346.54977084668
"20",449.14109719365,-224.203371442298,1122.4855658296,1346.6889372719
"25",449.852583481961,-223.413633898412,1123.11880086233,1346.53243476075
